<?xml version='1.0' encoding='utf-8' standalone='yes' ?>
<map>
    <boolean name="key_search_bg_Gactive" value="false" />
    <int name="ModChatBubbleText" value="-16777216" />
    <int name="ModChaSendBKColor" value="-258" />
    <int name="quoted_text_picker" value="-557699" />
    <boolean name="my_statusd" value="false" />
    <int name="key_search_border" value="-16747265" />
    <boolean name="arc_hc_Gactive" value="false" />
    <boolean name="ModContactNameColor_Gactive" value="false" />
    <int name="ModFabNormalColor" value="-16747265" />
    <boolean name="hide_action_l" value="false" />
    <boolean name="hide_action_m" value="false" />
    <int name="ModContactNameColor" value="-16777216" />
    <boolean name="Conv_call_btn" value="false" />
    <boolean name="Hide_div" value="false" />
    <string name="contact_online_tone_do">0</string>
    <boolean name="key_search_border_Gactive" value="false" />
    <boolean name="GP_EDIT" value="false" />
    <boolean name="chats_row_div_Gactive" value="false" />
    <boolean name="Text_Acv_Gactive" value="false" />
    <boolean name="HomeBarText_Gactive" value="false" />
    <int name="ModConDarkColor" value="-1" />
    <int name="date_right_color" value="-16777216" />
    <boolean name="hide_chatting" value="false" />
    <boolean name="ModChatEmojiColor_Gactive" value="false" />
    <boolean name="NameProf" value="false" />
    <boolean name="ModChatBtnColor_Gactive" value="false" />
    <int name="ModChatRightBubble" value="-1" />
    <int name="ig_story" value="-1" />
    <boolean name="onlinechat" value="true" />
    <int name="chats_row_div" value="-16747265" />
    <boolean name="bgarchived_Gactive" value="false" />
    <int name="ModChatLeftBubble" value="-16747265" />
    <boolean name="ModChaSendBKColor_Gactive" value="false" />
    <boolean name="start_bl" value="false" />
    <string name="convostyle">3</string>
    <boolean name="pagetitle_sel_picker_Gactive" value="false" />
    <int name="HomeCounterBK" value="-16777216" />
    <int name="ModChatBubbleTextLeft" value="-1" />
    <boolean name="yo_want_airplanemode" value="true" />
    <int name="ModDarkConPickColor" value="-1" />
    <boolean name="chat_contactpicV2" value="false" />
    <int name="status_ch" value="-16747265" />
    <boolean name="Archv_chats" value="false" />
    <int name="ModConTextColor" value="-16777216" />
    <boolean name="chat_mypicV2" value="false" />
    <string name="home_lay">1</string>
    <boolean name="ModConTextColor_Gactive" value="false" />
    <boolean name="group_mypicV2" value="false" />
    <int name="ModConBackColor" value="-1" />
    <boolean name="ModOnlineColor_Gactive" value="false" />
    <boolean name="yo_hideinfo" value="true" />
    <boolean name="PicProf" value="false" />
    <int name="HomeCounterText" value="-16777216" />
    <boolean name="profile_toast" value="false" />
    <boolean name="tabadgeBKColor_Gactive" value="false" />
    <boolean name="ModChatColor_Gactive" value="false" />
    <string name="bubble_style">apple</string>
    <int name="key_search_bg" value="-1" />
    <int name="ModChatBubbleHyperlinks" value="-11751203" />
    <int name="ModChatBtnColor" value="-16747265" />
    <boolean name="key_hide_search" value="true" />
    <int name="ModlastseenColor" value="-16777216" />
    <boolean name="ModChatLeftBubble_Gactive" value="false" />
    <string name="pic_startlocation">1</string>
    <boolean name="pic_inside" value="false" />
    <boolean name="HomeCounterText_Gactive" value="false" />
    <int name="bgarchived" value="-1" />
    <string name="font">0</string>
    <int name="date_left_color" value="-1" />
    <boolean name="ModDarkConPickColor_Gactive" value="false" />
    <boolean name="ModChatBubbleText_Gactive" value="false" />
    <boolean name="pagetitle_picker_Gactive" value="false" />
    <boolean name="statuschat" value="true" />
    <boolean name="key_search_elevation" value="false" />
    <boolean name="status_nw_Gactive" value="false" />
    <int name="statuses_bar_bg_picker" value="0" />
    <boolean name="ModChaSendColor_Gactive" value="false" />
    <int name="ModChatEmojiColor" value="-16747265" />
    <int name="ModChaSendColor" value="-16747265" />
    <int name="Text_Acv" value="-16747265" />
    <int name="pagetitle_sel_picker" value="-16747265" />
    <int name="HomeBarText" value="-16747265" />
    <int name="ModChatColor" value="-1" />
    <int name="ModChatGStatusT" value="-1" />
    <int name="tabadgeBKColor" value="-16747265" />
    <string name="auto_notify_key">0</string>
    <boolean name="HomeCounterBK_Gactive" value="false" />
    <boolean name="home_imgBK" value="false" />
    <boolean name="tabindicator_Gactive" value="false" />
    <string name="yo_nicons">0</string>
    <int name="statuses_bar_text_picker" value="-16747265" />
    <boolean name="custom_wall_profilepic" value="false" />
    <string name="time_online_toast_key">0</string>
    <int name="row_resizer" value="0" />
    <int name="status_nw" value="-16747265" />
    <int name="ModConPickColor" value="-1" />
    <boolean name="date_right_color_Gactive" value="false" />
    <boolean name="enable_old" value="true" />
    <string name="ConvoEntry">24</string>
    <int name="ModConColor" value="-1" />
    <boolean name="chats_show_contact_online_toast_check" value="true" />
    <string name="tick_style">ios</string>
    <boolean name="hide_fab" value="true" />
    <boolean name="status_ch_Gactive" value="false" />
    <boolean name="ModChatGStatusT_Gactive" value="false" />
    <boolean name="date_left_color_Gactive" value="false" />
    <int name="tabindicator" value="-16747265" />
    <boolean name="ModChatTextColor_Gactive" value="false" />
    <boolean name="ModConBackColor_Gactive" value="false" />
    <boolean name="my_name" value="false" />
    <int name="pic_chat_size_pickerV2" value="40" />
    <boolean name="TxtSelect" value="true" />
    <int name="pagetitle_picker" value="-16747265" />
    <boolean name="ModChatBubbleTextLeft_Gactive" value="false" />
    <boolean name="custom_wall" value="false" />
    <boolean name="elapsed_time" value="false" />
    <int name="ModChatDarkColor" value="-1" />
    <int name="key_search_rounded" value="7" />
    <boolean name="ModlastseenColor_Gactive" value="false" />
    <int name="key_search_stroke" value="1" />
    <boolean name="PicHead" value="false" />
    <boolean name="ModFabNormalColor_Gactive" value="false" />
    <int name="participant_name_color_picker" value="-14479340" />
    <boolean name="hide_action_a" value="false" />
    <boolean name="hide_action_b" value="false" />
    <int name="square_photo_ratio_picker" value="100" />
    <boolean name="statuses_bar_bg_picker_Gactive" value="false" />
    <int name="ModChatTextColor" value="-16777216" />
    <boolean name="quoted_text_picker_Gactive" value="false" />
    <boolean name="group_participants_picV2" value="true" />
    <boolean name="participant_name_color_picker_Gactive" value="false" />
    <boolean name="ModConPickColor_Gactive" value="false" />
    <string name="HomeEntry">0</string>
    <boolean name="ModChatBubbleHyperlinks_Gactive" value="false" />
    <int name="arc_hc" value="-16747265" />
    <boolean name="statuses_bar_text_picker_Gactive" value="false" />
    <boolean name="ig_story_Gactive" value="false" />
    <int name="main_text" value="17" />
    <boolean name="ModChatRightBubble_Gactive" value="false" />
    <boolean name="ModConColor_Gactive" value="false" />
    <int name="ModOnlineColor" value="-16777216" />
    <int name="text_size_pick" value="15" />
</map>
